# Historical seed rows, retained for coverage-baseline identity.
Soulver	en	1_000_000 + 2_000		https://documentation.soulver.app/documentation/formatting/region-settings (2026-10-07 documentation extraction; documentation/formatting/region-settings; locale dependent)
Soulver	en	0b_1100_0001 to decimal		https://documentation.soulver.app/documentation/formatting/region-settings (2026-10-07 documentation extraction; documentation/formatting/region-settings; locale dependent)
Soulver	en	0xCAFE_F00D to decimal		https://documentation.soulver.app/documentation/formatting/region-settings (2026-10-07 documentation extraction; documentation/formatting/region-settings; locale dependent)
Soulver	en	cost - discount	$495.00	https://documentation.soulver.app/documentation/variables (2026-10-07 documentation extraction; documentation/variables)
Soulver	en	monthly rent / 4 people	$537.50	https://documentation.soulver.app/documentation/variables (2026-10-07 documentation extraction; documentation/variables)
Soulver	en	256 as hex	0x100	https://documentation.soulver.app/syntax-reference/bases-and-bitwise (2026-10-07 documentation extraction; syntax-reference/bases-and-bitwise)
Soulver	en	99 in binary	0b1100011	https://documentation.soulver.app/syntax-reference/bases-and-bitwise (2026-10-07 documentation extraction; syntax-reference/bases-and-bitwise)
Soulver	en	0x9F31 to decimal	40,753	https://documentation.soulver.app/syntax-reference/bases-and-bitwise (2026-10-07 documentation extraction; syntax-reference/bases-and-bitwise)
Soulver	en	0b1000101 to octal	0o105	https://documentation.soulver.app/syntax-reference/bases-and-bitwise (2026-10-07 documentation extraction; syntax-reference/bases-and-bitwise)
Soulver	en	0b101101 as base 8	0o55	https://documentation.soulver.app/syntax-reference/bases-and-bitwise (2026-10-07 documentation extraction; syntax-reference/bases-and-bitwise)
Soulver	en	0x2D as base 2	0b101101	https://documentation.soulver.app/syntax-reference/bases-and-bitwise (2026-10-07 documentation extraction; syntax-reference/bases-and-bitwise)
Soulver	en	int(0o55)	45	https://documentation.soulver.app/syntax-reference/bases-and-bitwise (2026-10-07 documentation extraction; syntax-reference/bases-and-bitwise)
Soulver	en	hex(99)	0x63	https://documentation.soulver.app/syntax-reference/bases-and-bitwise (2026-10-07 documentation extraction; syntax-reference/bases-and-bitwise)
Soulver	en	bin(0x73)	0b1110011	https://documentation.soulver.app/syntax-reference/bases-and-bitwise (2026-10-07 documentation extraction; syntax-reference/bases-and-bitwise)
Soulver	en	10 June + 3 weeks		https://documentation.soulver.app/syntax-reference/dates/dates-and-times (2026-10-07 documentation extraction; syntax-reference/dates/dates-and-times; date/locale dependent)
Soulver	en	April 1, 2019 − 3 months 5 days		https://documentation.soulver.app/syntax-reference/dates/dates-and-times (2026-10-07 documentation extraction; syntax-reference/dates/dates-and-times; date/locale dependent)
Soulver	en	12/02/1988 + 32 years		https://documentation.soulver.app/syntax-reference/dates/dates-and-times (2026-10-07 documentation extraction; syntax-reference/dates/dates-and-times; date/locale dependent)
Soulver	en	01.05.2005 + 3 years 2 months 3 weeks		https://documentation.soulver.app/syntax-reference/dates/dates-and-times (2026-10-07 documentation extraction; syntax-reference/dates/dates-and-times; date/locale dependent)
Soulver	en	3 weeks after March 14, 2019		https://documentation.soulver.app/syntax-reference/dates/dates-and-times (2026-10-07 documentation extraction; syntax-reference/dates/dates-and-times; date/locale dependent)
Soulver	en	28 days before March 12		https://documentation.soulver.app/syntax-reference/dates/dates-and-times (2026-10-07 documentation extraction; syntax-reference/dates/dates-and-times; date/locale dependent)
Soulver	en	2 months 3 days after June 5		https://documentation.soulver.app/syntax-reference/dates/dates-and-times (2026-10-07 documentation extraction; syntax-reference/dates/dates-and-times; date/locale dependent)
Soulver	en	yesterday - 8 weeks 3 days		https://documentation.soulver.app/syntax-reference/dates/dates-and-times (2026-10-07 documentation extraction; syntax-reference/dates/dates-and-times (date/random dependent); date/random dependent)
Soulver	en	Yesterday + 1 week		https://documentation.soulver.app/syntax-reference/dates/dates-and-times (2026-10-07 documentation extraction; syntax-reference/dates/dates-and-times (date/random dependent); date/random dependent)
Soulver	en	today + 3 weeks		https://documentation.soulver.app/syntax-reference/dates/dates-and-times (2026-10-07 documentation extraction; syntax-reference/dates/dates-and-times (date/random dependent); date/random dependent)
Soulver	en	now − 1 month		https://documentation.soulver.app/syntax-reference/dates/dates-and-times (2026-10-07 documentation extraction; syntax-reference/dates/dates-and-times (date/random dependent); date/random dependent)
Soulver	en	4 days from now		https://documentation.soulver.app/syntax-reference/dates/dates-and-times (2026-10-07 documentation extraction; syntax-reference/dates/dates-and-times (date/random dependent); date/random dependent)
Soulver	en	3 days ago		https://documentation.soulver.app/syntax-reference/dates/dates-and-times (2026-10-07 documentation extraction; syntax-reference/dates/dates-and-times (date/random dependent); date/random dependent)
Soulver	en	January 10 - February 5		https://documentation.soulver.app/syntax-reference/dates/dates-and-times (2026-10-07 documentation extraction; syntax-reference/dates/dates-and-times; date/locale dependent)
Soulver	en	3 March to 30 May		https://documentation.soulver.app/syntax-reference/dates/dates-and-times (2026-10-07 documentation extraction; syntax-reference/dates/dates-and-times; date/locale dependent)
Soulver	en	days since July 15		https://documentation.soulver.app/syntax-reference/dates/dates-and-times (2026-10-07 documentation extraction; syntax-reference/dates/dates-and-times (date/random dependent); date/random dependent)
Soulver	en	days till December 25		https://documentation.soulver.app/syntax-reference/dates/dates-and-times (2026-10-07 documentation extraction; syntax-reference/dates/dates-and-times (date/random dependent); date/random dependent)
Soulver	en	days between 3 March and 30 May		https://documentation.soulver.app/syntax-reference/dates/dates-and-times (2026-10-07 documentation extraction; syntax-reference/dates/dates-and-times; date/locale dependent)
Soulver	en	1978 to 2021		https://documentation.soulver.app/syntax-reference/dates/dates-and-times (2026-10-07 documentation extraction; syntax-reference/dates/dates-and-times; date/locale dependent)
Soulver	en	April 1 through April 30 in days		https://documentation.soulver.app/syntax-reference/dates/dates-and-times (2026-10-07 documentation extraction; syntax-reference/dates/dates-and-times; date/locale dependent)
Soulver	en	week of year		https://documentation.soulver.app/syntax-reference/dates/dates-and-times (2026-10-07 documentation extraction; syntax-reference/dates/dates-and-times (date/random dependent); date/locale dependent)
Soulver	en	week number on march 12, 2021		https://documentation.soulver.app/syntax-reference/dates/dates-and-times (2026-10-07 documentation extraction; syntax-reference/dates/dates-and-times (date/random dependent); date/locale dependent)
Soulver	en	days in Q3		https://documentation.soulver.app/syntax-reference/dates/dates-and-times (2026-10-07 documentation extraction; syntax-reference/dates/dates-and-times; date/locale dependent)
Soulver	en	days in February 2020		https://documentation.soulver.app/syntax-reference/dates/dates-and-times (2026-10-07 documentation extraction; syntax-reference/dates/dates-and-times; date/locale dependent)
Soulver	en	midpoint between March 12 and April 5		https://documentation.soulver.app/syntax-reference/dates/dates-and-times (2026-10-07 documentation extraction; syntax-reference/dates/dates-and-times; date/locale dependent)
Soulver	en	halfway between today and next Thursday		https://documentation.soulver.app/syntax-reference/dates/dates-and-times (2026-10-07 documentation extraction; syntax-reference/dates/dates-and-times (date/random dependent); date/random dependent)
Soulver	en	Feb 28 + 1 month		https://documentation.soulver.app/syntax-reference/dates/dates-and-times (2026-10-07 documentation extraction; syntax-reference/dates/dates-and-times; date/locale dependent)
Soulver	en	January 31 2020 + 1 month		https://documentation.soulver.app/syntax-reference/dates/dates-and-times (2026-10-07 documentation extraction; syntax-reference/dates/dates-and-times; date/locale dependent)
Soulver	en	January 12 + 3 weeks		https://documentation.soulver.app/syntax-reference/dates/dates-and-times (2026-10-07 documentation extraction; syntax-reference/dates/dates-and-times; date/locale dependent)
Soulver	en	November 1 - 5 days		https://documentation.soulver.app/syntax-reference/dates/dates-and-times (2026-10-07 documentation extraction; syntax-reference/dates/dates-and-times; date/locale dependent)
Soulver	en	April 1, 2019 3:30pm as iso8601		https://documentation.soulver.app/syntax-reference/dates/timestamps-and-iso8601 (2026-10-07 documentation extraction; syntax-reference/dates/timestamps-and-iso8601; date/locale dependent)
Soulver	en	2019-04-01T15:30:00 to date		https://documentation.soulver.app/syntax-reference/dates/timestamps-and-iso8601 (2026-10-07 documentation extraction; syntax-reference/dates/timestamps-and-iso8601; date/locale dependent)
Soulver	en	April 1, 2019 to timestamp		https://documentation.soulver.app/syntax-reference/dates/timestamps-and-iso8601 (2026-10-07 documentation extraction; syntax-reference/dates/timestamps-and-iso8601; date/locale dependent)
Soulver	en	1559740303.48 to date		https://documentation.soulver.app/syntax-reference/dates/timestamps-and-iso8601 (2026-10-07 documentation extraction; syntax-reference/dates/timestamps-and-iso8601; date/locale dependent)
Soulver	en	current timestamp		https://documentation.soulver.app/syntax-reference/dates/timestamps-and-iso8601 (2026-10-07 documentation extraction; syntax-reference/dates/timestamps-and-iso8601; date/random dependent)
Soulver	en	1733823083000 to date		https://documentation.soulver.app/syntax-reference/dates/timestamps-and-iso8601 (2026-10-07 documentation extraction; syntax-reference/dates/timestamps-and-iso8601; date/locale dependent)
Soulver	en	workdays in 3 weeks		https://documentation.soulver.app/syntax-reference/dates/workdays-and-weekdays (2026-10-07 documentation extraction; syntax-reference/dates/workdays-and-weekdays (date/random dependent); date/locale dependent)
Soulver	en	10 March to 17 March in workdays		https://documentation.soulver.app/syntax-reference/dates/workdays-and-weekdays (2026-10-07 documentation extraction; syntax-reference/dates/workdays-and-weekdays; date/locale dependent)
Soulver	en	workdays from April 12 to June 15		https://documentation.soulver.app/syntax-reference/dates/workdays-and-weekdays (2026-10-07 documentation extraction; syntax-reference/dates/workdays-and-weekdays; date/locale dependent)
Soulver	en	$500/workday × 4 weeks		https://documentation.soulver.app/syntax-reference/dates/workdays-and-weekdays (2026-10-07 documentation extraction; syntax-reference/dates/workdays-and-weekdays; date/locale dependent)
Soulver	en	December 24 + 2 workdays		https://documentation.soulver.app/syntax-reference/dates/workdays-and-weekdays (2026-10-07 documentation extraction; syntax-reference/dates/workdays-and-weekdays; date/locale dependent)
Soulver	en	day of the week on January 24, 1984		https://documentation.soulver.app/syntax-reference/dates/workdays-and-weekdays (2026-10-07 documentation extraction; syntax-reference/dates/workdays-and-weekdays; date/locale dependent)
Soulver	en	weekday on March 9, 2024		https://documentation.soulver.app/syntax-reference/dates/workdays-and-weekdays (2026-10-07 documentation extraction; syntax-reference/dates/workdays-and-weekdays (date/random dependent); date/locale dependent)
Soulver	en	20km == 20,000 m	true	https://documentation.soulver.app/syntax-reference/general/conditionals-and-comparisons (2026-10-07 documentation extraction; syntax-reference/general/conditionals-and-comparisons)
Soulver	en	11:30 am < 9:30 am	false	https://documentation.soulver.app/syntax-reference/general/conditionals-and-comparisons (2026-10-07 documentation extraction; syntax-reference/general/conditionals-and-comparisons)
Soulver	en	$100 as number	100	https://documentation.soulver.app/syntax-reference/general/general (2026-10-07 documentation extraction; syntax-reference/general/general)
Soulver	en	40/day to decimal	40	https://documentation.soulver.app/syntax-reference/general/general (2026-10-07 documentation extraction; syntax-reference/general/general)
Soulver	en	20% as dec	0.2	https://documentation.soulver.app/syntax-reference/general/general (2026-10-07 documentation extraction; syntax-reference/general/general)
Soulver	en	6 is to 60 as 8 is to what	80	https://documentation.soulver.app/syntax-reference/general/general (2026-10-07 documentation extraction; syntax-reference/general/general)
Soulver	en	5 is to 10 as what is to 80	40	https://documentation.soulver.app/syntax-reference/general/general (2026-10-07 documentation extraction; syntax-reference/general/general)
Soulver	en	5 km is to 500m as 5 cm is to what	5 mm	https://documentation.soulver.app/syntax-reference/general/general (2026-10-07 documentation extraction; syntax-reference/general/general)
Soulver	en	30 minutes is to 3 hours as what is to 60 seconds	10 seconds	https://documentation.soulver.app/syntax-reference/general/general (2026-10-07 documentation extraction; syntax-reference/general/general)
Soulver	en	larger of 100 and 200	200	https://documentation.soulver.app/syntax-reference/general/general (2026-10-07 documentation extraction; syntax-reference/general/general)
Soulver	en	greater of 100 and 200	200	https://documentation.soulver.app/syntax-reference/general/general (2026-10-07 documentation extraction; syntax-reference/general/general)
Soulver	en	smaller of 5 and 10	5	https://documentation.soulver.app/syntax-reference/general/general (2026-10-07 documentation extraction; syntax-reference/general/general)
Soulver	en	lesser of 5 and 10	5	https://documentation.soulver.app/syntax-reference/general/general (2026-10-07 documentation extraction; syntax-reference/general/general)
Soulver	en	half of 175	87.5	https://documentation.soulver.app/syntax-reference/general/general (2026-10-07 documentation extraction; syntax-reference/general/general)
Soulver	en	midpoint between 150 and 300	225	https://documentation.soulver.app/syntax-reference/general/general (2026-10-07 documentation extraction; syntax-reference/general/general)
Soulver	en	random number between 1 and 10		https://documentation.soulver.app/syntax-reference/general/general (2026-10-07 documentation extraction; syntax-reference/general/general (date/random dependent); date/random dependent)
Soulver	en	random number between 0 and 1		https://documentation.soulver.app/syntax-reference/general/general (2026-10-07 documentation extraction; syntax-reference/general/general (date/random dependent); date/random dependent)
Soulver	en	gcd of 20 and 30	10	https://documentation.soulver.app/syntax-reference/general/general (2026-10-07 documentation extraction; syntax-reference/general/general)
Soulver	en	lcm of 5 and 8	40	https://documentation.soulver.app/syntax-reference/general/general (2026-10-07 documentation extraction; syntax-reference/general/general)
Soulver	en	10 permutation 3	720	https://documentation.soulver.app/syntax-reference/general/general (2026-10-07 documentation extraction; syntax-reference/general/general)
Soulver	en	25 combination 3	2,300	https://documentation.soulver.app/syntax-reference/general/general (2026-10-07 documentation extraction; syntax-reference/general/general)
Soulver	en	3 permutations of 10	720	https://documentation.soulver.app/syntax-reference/general/general (2026-10-07 documentation extraction; syntax-reference/general/general)
Soulver	en	3 combinations of 25	2,300	https://documentation.soulver.app/syntax-reference/general/general (2026-10-07 documentation extraction; syntax-reference/general/general)
Soulver	en	clamp 26 between 5 and 25	25	https://documentation.soulver.app/syntax-reference/general/general (2026-10-07 documentation extraction; syntax-reference/general/general)
Soulver	en	clamp 4 from 5 to 25	5	https://documentation.soulver.app/syntax-reference/general/general (2026-10-07 documentation extraction; syntax-reference/general/general)
Soulver	en	sqrt(16)	4	https://documentation.soulver.app/syntax-reference/general/logarithms-and-roots (2026-10-07 documentation extraction; syntax-reference/general/logarithms-and-roots)
Soulver	en	cbrt(343)	7	https://documentation.soulver.app/syntax-reference/general/logarithms-and-roots (2026-10-07 documentation extraction; syntax-reference/general/logarithms-and-roots)
Soulver	en	square root of 81	9	https://documentation.soulver.app/syntax-reference/general/logarithms-and-roots (2026-10-07 documentation extraction; syntax-reference/general/logarithms-and-roots)
Soulver	en	cube root of 27	3	https://documentation.soulver.app/syntax-reference/general/logarithms-and-roots (2026-10-07 documentation extraction; syntax-reference/general/logarithms-and-roots)
Soulver	en	root 5 of 100	2.5118864315	https://documentation.soulver.app/syntax-reference/general/logarithms-and-roots (2026-10-07 documentation extraction; syntax-reference/general/logarithms-and-roots)
Soulver	en	log 20 base 4	2.1609640474	https://documentation.soulver.app/syntax-reference/general/logarithms-and-roots (2026-10-07 documentation extraction; syntax-reference/general/logarithms-and-roots)
Soulver	en	81 is 9 to what power	2	https://documentation.soulver.app/syntax-reference/general/logarithms-and-roots (2026-10-07 documentation extraction; syntax-reference/general/logarithms-and-roots)
Soulver	en	27 is 3 to the what power	3	https://documentation.soulver.app/syntax-reference/general/logarithms-and-roots (2026-10-07 documentation extraction; syntax-reference/general/logarithms-and-roots)
Soulver	en	1/3 to 2 dp	0.33	https://documentation.soulver.app/syntax-reference/general/number-rounding (2026-10-07 documentation extraction; syntax-reference/general/number-rounding)
Soulver	en	π to 5 digits	3.14159	https://documentation.soulver.app/syntax-reference/general/number-rounding (2026-10-07 documentation extraction; syntax-reference/general/number-rounding)
Soulver	en	5.5 rounded	6	https://documentation.soulver.app/syntax-reference/general/number-rounding (2026-10-07 documentation extraction; syntax-reference/general/number-rounding)
Soulver	en	5.5 rounded down	5	https://documentation.soulver.app/syntax-reference/general/number-rounding (2026-10-07 documentation extraction; syntax-reference/general/number-rounding)
Soulver	en	5.5 rounded up	6	https://documentation.soulver.app/syntax-reference/general/number-rounding (2026-10-07 documentation extraction; syntax-reference/general/number-rounding)
Soulver	en	37 to nearest 10	40	https://documentation.soulver.app/syntax-reference/general/number-rounding (2026-10-07 documentation extraction; syntax-reference/general/number-rounding)
Soulver	en	$490 rounded to nearest hundred	$500	https://documentation.soulver.app/syntax-reference/general/number-rounding (2026-10-07 documentation extraction; syntax-reference/general/number-rounding)
Soulver	en	2,100 to nearest thousand	2,000	https://documentation.soulver.app/syntax-reference/general/number-rounding (2026-10-07 documentation extraction; syntax-reference/general/number-rounding)
Soulver	en	21 rounded up to nearest 5	25	https://documentation.soulver.app/syntax-reference/general/number-rounding (2026-10-07 documentation extraction; syntax-reference/general/number-rounding)
Soulver	en	17 rounded down to nearest 3	15	https://documentation.soulver.app/syntax-reference/general/number-rounding (2026-10-07 documentation extraction; syntax-reference/general/number-rounding)
Soulver	en	30 plus 20	50	https://documentation.soulver.app/syntax-reference/general/operators (2026-10-07 documentation extraction; syntax-reference/general/operators)
Soulver	en	3,000 minus 12	2,988	https://documentation.soulver.app/syntax-reference/general/operators (2026-10-07 documentation extraction; syntax-reference/general/operators)
Soulver	en	3 multiplied by 4	12	https://documentation.soulver.app/syntax-reference/general/operators (2026-10-07 documentation extraction; syntax-reference/general/operators)
Soulver	en	1,000 divided by 200	5	https://documentation.soulver.app/syntax-reference/general/operators (2026-10-07 documentation extraction; syntax-reference/general/operators)
Soulver	en	3 to the power of 2	9	https://documentation.soulver.app/syntax-reference/general/operators (2026-10-07 documentation extraction; syntax-reference/general/operators)
Soulver	en	remainder of 21 divided by 5	1	https://documentation.soulver.app/syntax-reference/general/operators (2026-10-07 documentation extraction; syntax-reference/general/operators)
Soulver	en	Cost of 128 GB iPhone 16: $999	$999.00	https://documentation.soulver.app/syntax-reference/headings-and-comments (2026-10-07 documentation extraction; syntax-reference/headings-and-comments)
Soulver	en	1 + 2	3	https://documentation.soulver.app/syntax-reference/headings-and-comments (2026-10-07 documentation extraction; syntax-reference/headings-and-comments)
Soulver	en	$999 (for iPhone 16)	$999.00	https://documentation.soulver.app/syntax-reference/headings-and-comments (2026-10-07 documentation extraction; syntax-reference/headings-and-comments)
Soulver	en	Boing "747" is $386.8M	$386.8M	https://documentation.soulver.app/syntax-reference/headings-and-comments (2026-10-07 documentation extraction; syntax-reference/headings-and-comments)
Soulver	en	100,000 + 200,000	300k	https://documentation.soulver.app/syntax-reference/large-number-symbols (2026-10-07 documentation extraction; syntax-reference/large-number-symbols)
Soulver	en	3 million + 10%	3.3M	https://documentation.soulver.app/syntax-reference/large-number-symbols (2026-10-07 documentation extraction; syntax-reference/large-number-symbols)
Soulver	en	what is $4.2k from 2003		https://documentation.soulver.app/syntax-reference/money-and-finance/inflation-calculations (2026-10-07 documentation extraction; syntax-reference/money-and-finance/inflation-calculations (CPI data dependent))
Soulver	en	$1 from 1997 is worth what today		https://documentation.soulver.app/syntax-reference/money-and-finance/inflation-calculations (2026-10-07 documentation extraction; syntax-reference/money-and-finance/inflation-calculations (date/random dependent) (CPI data dependent); date/random dependent)
Soulver	en	$10k from 1960 worth		https://documentation.soulver.app/syntax-reference/money-and-finance/inflation-calculations (2026-10-07 documentation extraction; syntax-reference/money-and-finance/inflation-calculations (CPI data dependent))
Soulver	en	value of $4.2k from 2003		https://documentation.soulver.app/syntax-reference/money-and-finance/inflation-calculations (2026-10-07 documentation extraction; syntax-reference/money-and-finance/inflation-calculations (CPI data dependent))
Soulver	en	what was $500 worth in 1997		https://documentation.soulver.app/syntax-reference/money-and-finance/inflation-calculations (2026-10-07 documentation extraction; syntax-reference/money-and-finance/inflation-calculations (CPI data dependent))
Soulver	en	value of $500 in 1997		https://documentation.soulver.app/syntax-reference/money-and-finance/inflation-calculations (2026-10-07 documentation extraction; syntax-reference/money-and-finance/inflation-calculations (CPI data dependent))
Soulver	en	$500 is worth what in 1997		https://documentation.soulver.app/syntax-reference/money-and-finance/inflation-calculations (2026-10-07 documentation extraction; syntax-reference/money-and-finance/inflation-calculations (CPI data dependent))
Soulver	en	what is $285.44 in 1997 worth in 2022		https://documentation.soulver.app/syntax-reference/money-and-finance/inflation-calculations (2026-10-07 documentation extraction; syntax-reference/money-and-finance/inflation-calculations (CPI data dependent))
Soulver	en	$1 from 1997 is worth what in 2021		https://documentation.soulver.app/syntax-reference/money-and-finance/inflation-calculations (2026-10-07 documentation extraction; syntax-reference/money-and-finance/inflation-calculations (CPI data dependent))
Soulver	en	$10 million in 1985 dollars		https://documentation.soulver.app/syntax-reference/money-and-finance/inflation-calculations (2026-10-07 documentation extraction; syntax-reference/money-and-finance/inflation-calculations (CPI data dependent); live rate dependent)
Soulver	en	$90k in 1996 dollars		https://documentation.soulver.app/syntax-reference/money-and-finance/inflation-calculations (2026-10-07 documentation extraction; syntax-reference/money-and-finance/inflation-calculations (CPI data dependent); live rate dependent)
Soulver	en	value of $500 in 2028 assuming 5% inflation		https://documentation.soulver.app/syntax-reference/money-and-finance/inflation-calculations (2026-10-07 documentation extraction; syntax-reference/money-and-finance/inflation-calculations (CPI data dependent); locale/data dependent)
Soulver	en	what will $1M be worth in 2040 assuming 10% inflation		https://documentation.soulver.app/syntax-reference/money-and-finance/inflation-calculations (2026-10-07 documentation extraction; syntax-reference/money-and-finance/inflation-calculations (CPI data dependent); locale/data dependent)
Soulver	en	purchasing power of $500 in 2028 at 5% inflation		https://documentation.soulver.app/syntax-reference/money-and-finance/inflation-calculations (2026-10-07 documentation extraction; syntax-reference/money-and-finance/inflation-calculations (CPI data dependent); locale/data dependent)
Soulver	en	$1,000 after 3 years at 7%	$1,225.04	https://documentation.soulver.app/syntax-reference/money-and-finance/investments (2026-10-07 documentation extraction; syntax-reference/money-and-finance/investments)
Soulver	en	$1,000 for 3 years at 7% compounding monthly	$1,232.93	https://documentation.soulver.app/syntax-reference/money-and-finance/investments (2026-10-07 documentation extraction; syntax-reference/money-and-finance/investments)
Soulver	en	$1,000 for 3 years at 7% compounding quarterly	$1,231.44	https://documentation.soulver.app/syntax-reference/money-and-finance/investments (2026-10-07 documentation extraction; syntax-reference/money-and-finance/investments)
Soulver	en	interest on $1,000 after 3 years @ 7%	$225.04	https://documentation.soulver.app/syntax-reference/money-and-finance/investments (2026-10-07 documentation extraction; syntax-reference/money-and-finance/investments)
Soulver	en	interest on $1,000 for 3 years at 7% compounding monthly	$232.93	https://documentation.soulver.app/syntax-reference/money-and-finance/investments (2026-10-07 documentation extraction; syntax-reference/money-and-finance/investments)
Soulver	en	interest on $1,000 for 3 years at 7% compounding quarterly	$231.44	https://documentation.soulver.app/syntax-reference/money-and-finance/investments (2026-10-07 documentation extraction; syntax-reference/money-and-finance/investments)
Soulver	en	$500 invested $1,500 returned	2x	https://documentation.soulver.app/syntax-reference/money-and-finance/investments (2026-10-07 documentation extraction; syntax-reference/money-and-finance/investments)
Soulver	en	present value of $1,000 after 20 years at 10%	$148.64	https://documentation.soulver.app/syntax-reference/money-and-finance/investments (2026-10-07 documentation extraction; syntax-reference/money-and-finance/investments)
Soulver	en	daily repayment on $10,000 over 6 years at 6%	$5.45	https://documentation.soulver.app/syntax-reference/money-and-finance/mortgages (2026-10-07 documentation extraction; syntax-reference/money-and-finance/mortgages)
Soulver	en	monthly repayment on $10,000 over 6 years at 6%	$165.73	https://documentation.soulver.app/syntax-reference/money-and-finance/mortgages (2026-10-07 documentation extraction; syntax-reference/money-and-finance/mortgages)
Soulver	en	annual repayment on $10,000 over 6 years at 6%	$1,988.75	https://documentation.soulver.app/syntax-reference/money-and-finance/mortgages (2026-10-07 documentation extraction; syntax-reference/money-and-finance/mortgages)
Soulver	en	total repayment on $10,000 over 6 years at 6%	$11,932.48	https://documentation.soulver.app/syntax-reference/money-and-finance/mortgages (2026-10-07 documentation extraction; syntax-reference/money-and-finance/mortgages)
Soulver	en	daily interest on $10,000 over 6 years at 6%	$0.88	https://documentation.soulver.app/syntax-reference/money-and-finance/mortgages (2026-10-07 documentation extraction; syntax-reference/money-and-finance/mortgages)
Soulver	en	monthly interest on $10,000 over 6 years at 6%	$26.84	https://documentation.soulver.app/syntax-reference/money-and-finance/mortgages (2026-10-07 documentation extraction; syntax-reference/money-and-finance/mortgages)
Soulver	en	annual interest on $10,000 over 6 years at 6%	$322.08	https://documentation.soulver.app/syntax-reference/money-and-finance/mortgages (2026-10-07 documentation extraction; syntax-reference/money-and-finance/mortgages)
Soulver	en	total interest on $10,000 over 6 years at 6%	$1,932.48	https://documentation.soulver.app/syntax-reference/money-and-finance/mortgages (2026-10-07 documentation extraction; syntax-reference/money-and-finance/mortgages)
Soulver	en	$300 + VAT		https://documentation.soulver.app/syntax-reference/money-and-finance/sales-tax (2026-10-07 documentation extraction; syntax-reference/money-and-finance/sales-tax; locale/data dependent)
Soulver	en	VAT on $300		https://documentation.soulver.app/syntax-reference/money-and-finance/sales-tax (2026-10-07 documentation extraction; syntax-reference/money-and-finance/sales-tax; locale/data dependent)
Soulver	en	$300 - VAT		https://documentation.soulver.app/syntax-reference/money-and-finance/sales-tax (2026-10-07 documentation extraction; syntax-reference/money-and-finance/sales-tax; locale/data dependent)
Soulver	en	VAT off $300		https://documentation.soulver.app/syntax-reference/money-and-finance/sales-tax (2026-10-07 documentation extraction; syntax-reference/money-and-finance/sales-tax; locale/data dependent)
Soulver	en	VAT in $300		https://documentation.soulver.app/syntax-reference/money-and-finance/sales-tax (2026-10-07 documentation extraction; syntax-reference/money-and-finance/sales-tax; locale/data dependent)
Soulver	en	VAT of $300		https://documentation.soulver.app/syntax-reference/money-and-finance/sales-tax (2026-10-07 documentation extraction; syntax-reference/money-and-finance/sales-tax; locale/data dependent)
Soulver	en	VAT from $300		https://documentation.soulver.app/syntax-reference/money-and-finance/sales-tax (2026-10-07 documentation extraction; syntax-reference/money-and-finance/sales-tax; locale/data dependent)
Soulver	en	10% of 200	20	https://documentation.soulver.app/syntax-reference/percentages (2026-10-07 documentation extraction; syntax-reference/percentages)
Soulver	en	25% × 200	50	https://documentation.soulver.app/syntax-reference/percentages (2026-10-07 documentation extraction; syntax-reference/percentages)
Soulver	en	200 + 10%	220	https://documentation.soulver.app/syntax-reference/percentages (2026-10-07 documentation extraction; syntax-reference/percentages)
Soulver	en	10% on 200	220	https://documentation.soulver.app/syntax-reference/percentages (2026-10-07 documentation extraction; syntax-reference/percentages)
Soulver	en	200 - 10%	180	https://documentation.soulver.app/syntax-reference/percentages (2026-10-07 documentation extraction; syntax-reference/percentages)
Soulver	en	10% off 200	180	https://documentation.soulver.app/syntax-reference/percentages (2026-10-07 documentation extraction; syntax-reference/percentages)
Soulver	en	20 is 10% of what	200	https://documentation.soulver.app/syntax-reference/percentages (2026-10-07 documentation extraction; syntax-reference/percentages)
Soulver	en	180 is 10% off what	200	https://documentation.soulver.app/syntax-reference/percentages (2026-10-07 documentation extraction; syntax-reference/percentages)
Soulver	en	220 is 10% on what	200	https://documentation.soulver.app/syntax-reference/percentages (2026-10-07 documentation extraction; syntax-reference/percentages)
Soulver	en	50 to 75 is what %	50%	https://documentation.soulver.app/syntax-reference/percentages (2026-10-07 documentation extraction; syntax-reference/percentages)
Soulver	en	40 to 90 as %	125%	https://documentation.soulver.app/syntax-reference/percentages (2026-10-07 documentation extraction; syntax-reference/percentages)
Soulver	en	180 is what % off 200	10%	https://documentation.soulver.app/syntax-reference/percentages (2026-10-07 documentation extraction; syntax-reference/percentages)
Soulver	en	180 is what % on 150	20%	https://documentation.soulver.app/syntax-reference/percentages (2026-10-07 documentation extraction; syntax-reference/percentages)
Soulver	en	20 is what % of 200	10%	https://documentation.soulver.app/syntax-reference/percentages (2026-10-07 documentation extraction; syntax-reference/percentages)
Soulver	en	20 as a % of 200	10%	https://documentation.soulver.app/syntax-reference/percentages (2026-10-07 documentation extraction; syntax-reference/percentages)
Soulver	en	20/200 as %	10%	https://documentation.soulver.app/syntax-reference/percentages (2026-10-07 documentation extraction; syntax-reference/percentages)
Soulver	en	20/200 %	10%	https://documentation.soulver.app/syntax-reference/percentages (2026-10-07 documentation extraction; syntax-reference/percentages)
Soulver	en	0.35 as %	35%	https://documentation.soulver.app/syntax-reference/percentages (2026-10-07 documentation extraction; syntax-reference/percentages)
Soulver	en	2/5 as percent	40%	https://documentation.soulver.app/syntax-reference/percentages (2026-10-07 documentation extraction; syntax-reference/percentages)
Soulver	en	3/20 is what %	15%	https://documentation.soulver.app/syntax-reference/percentages (2026-10-07 documentation extraction; syntax-reference/percentages)
Soulver	en	3 in 20 is what %	15%	https://documentation.soulver.app/syntax-reference/percentages (2026-10-07 documentation extraction; syntax-reference/percentages)
Soulver	en	10% + 20%	30%	https://documentation.soulver.app/syntax-reference/percentages (2026-10-07 documentation extraction; syntax-reference/percentages)
Soulver	en	90% − 40%	50%	https://documentation.soulver.app/syntax-reference/percentages (2026-10-07 documentation extraction; syntax-reference/percentages)
Soulver	en	30% + 0.4	70%	https://documentation.soulver.app/syntax-reference/percentages (2026-10-07 documentation extraction; syntax-reference/percentages)
Soulver	en	100% - 1/2	50%	https://documentation.soulver.app/syntax-reference/percentages (2026-10-07 documentation extraction; syntax-reference/percentages)
Soulver	en	100% + 2 + 30%	330%	https://documentation.soulver.app/syntax-reference/percentages (2026-10-07 documentation extraction; syntax-reference/percentages)
Soulver	en	50% × 30	15	https://documentation.soulver.app/syntax-reference/percentages (2026-10-07 documentation extraction; syntax-reference/percentages)
Soulver	en	30 × 50%	15	https://documentation.soulver.app/syntax-reference/percentages (2026-10-07 documentation extraction; syntax-reference/percentages)
Soulver	en	2/10 as fraction	1/5	https://documentation.soulver.app/syntax-reference/percentages (2026-10-07 documentation extraction; syntax-reference/percentages)
Soulver	en	50% as fraction	1/2	https://documentation.soulver.app/syntax-reference/percentages (2026-10-07 documentation extraction; syntax-reference/percentages)
Soulver	en	5% is 1 in what	1/20	https://documentation.soulver.app/syntax-reference/percentages (2026-10-07 documentation extraction; syntax-reference/percentages)
Soulver	en	40% is 1 in what	1/2.5	https://documentation.soulver.app/syntax-reference/percentages (2026-10-07 documentation extraction; syntax-reference/percentages)
Soulver	en	2/3 of 600	400	https://documentation.soulver.app/syntax-reference/percentages (2026-10-07 documentation extraction; syntax-reference/percentages)
Soulver	en	50 is 1/5 of what	250	https://documentation.soulver.app/syntax-reference/percentages (2026-10-07 documentation extraction; syntax-reference/percentages)
Soulver	en	20/5 as multiplier	4x	https://documentation.soulver.app/syntax-reference/percentages (2026-10-07 documentation extraction; syntax-reference/percentages)
Soulver	en	50 as x of 5	10x	https://documentation.soulver.app/syntax-reference/percentages (2026-10-07 documentation extraction; syntax-reference/percentages)
Soulver	en	2 as multiplier of 1	2x	https://documentation.soulver.app/syntax-reference/percentages (2026-10-07 documentation extraction; syntax-reference/percentages)
Soulver	en	2 as multiplier on 1	1x	https://documentation.soulver.app/syntax-reference/percentages (2026-10-07 documentation extraction; syntax-reference/percentages)
Soulver	en	1 as x off 2	0.5x	https://documentation.soulver.app/syntax-reference/percentages (2026-10-07 documentation extraction; syntax-reference/percentages)
Soulver	en	50 to 75 is what x	1.5x	https://documentation.soulver.app/syntax-reference/percentages (2026-10-07 documentation extraction; syntax-reference/percentages)
Soulver	en	20 to 40 as x	2x	https://documentation.soulver.app/syntax-reference/percentages (2026-10-07 documentation extraction; syntax-reference/percentages)
Soulver	en	now + 3 hours 15 minutes		https://documentation.soulver.app/syntax-reference/time/clock-time-calculations (2026-10-07 documentation extraction; syntax-reference/time/clock-time-calculations (date/random dependent); date/random dependent)
Soulver	en	9:45 am - 15 hours 10 minutes		https://documentation.soulver.app/syntax-reference/time/clock-time-calculations (2026-10-07 documentation extraction; syntax-reference/time/clock-time-calculations (date/random dependent); date/locale dependent)
Soulver	en	16:00 + 3 hours 12 minutes		https://documentation.soulver.app/syntax-reference/time/clock-time-calculations (2026-10-07 documentation extraction; syntax-reference/time/clock-time-calculations; date/locale dependent)
Soulver	en	7:30am to 8:45pm		https://documentation.soulver.app/syntax-reference/time/clock-time-calculations (2026-10-07 documentation extraction; syntax-reference/time/clock-time-calculations; date/locale dependent)
Soulver	en	4pm to 3am		https://documentation.soulver.app/syntax-reference/time/clock-time-calculations (2026-10-07 documentation extraction; syntax-reference/time/clock-time-calculations; date/locale dependent)
Soulver	en	5pm - 7pm		https://documentation.soulver.app/syntax-reference/time/clock-time-calculations (2026-10-07 documentation extraction; syntax-reference/time/clock-time-calculations; date/locale dependent)
Soulver	en	5pm - 2pm		https://documentation.soulver.app/syntax-reference/time/clock-time-calculations (2026-10-07 documentation extraction; syntax-reference/time/clock-time-calculations; date/locale dependent)
Soulver	en	4pm - 3am		https://documentation.soulver.app/syntax-reference/time/clock-time-calculations (2026-10-07 documentation extraction; syntax-reference/time/clock-time-calculations; date/locale dependent)
Soulver	en	3am - 4pm		https://documentation.soulver.app/syntax-reference/time/clock-time-calculations (2026-10-07 documentation extraction; syntax-reference/time/clock-time-calculations; date/locale dependent)
Soulver	en	6pm Sydney in Chicago		https://documentation.soulver.app/syntax-reference/time/time-zones-and-cities (2026-10-07 documentation extraction; syntax-reference/time/time-zones-and-cities; date/locale dependent)
Soulver	en	2am PST to GMT		https://documentation.soulver.app/syntax-reference/time/time-zones-and-cities (2026-10-07 documentation extraction; syntax-reference/time/time-zones-and-cities; date/locale dependent)
Soulver	en	3pm GMT+8 to Paris		https://documentation.soulver.app/syntax-reference/time/time-zones-and-cities (2026-10-07 documentation extraction; syntax-reference/time/time-zones-and-cities; date/locale dependent)
Soulver	en	7:30am LAX to Japan		https://documentation.soulver.app/syntax-reference/time/time-zones-and-cities (2026-10-07 documentation extraction; syntax-reference/time/time-zones-and-cities; date/locale dependent)
Soulver	en	time in Paris		https://documentation.soulver.app/syntax-reference/time/time-zones-and-cities (2026-10-07 documentation extraction; syntax-reference/time/time-zones-and-cities (date/random dependent); date/locale dependent)
Soulver	en	Tokyo time		https://documentation.soulver.app/syntax-reference/time/time-zones-and-cities (2026-10-07 documentation extraction; syntax-reference/time/time-zones-and-cities; date/locale dependent)
Soulver	en	time in Thailand		https://documentation.soulver.app/syntax-reference/time/time-zones-and-cities (2026-10-07 documentation extraction; syntax-reference/time/time-zones-and-cities (date/random dependent); date/locale dependent)
Soulver	en	date in Vancouver		https://documentation.soulver.app/syntax-reference/time/time-zones-and-cities (2026-10-07 documentation extraction; syntax-reference/time/time-zones-and-cities (date/random dependent); date/locale dependent)
Soulver	en	time difference between Seattle and Moscow		https://documentation.soulver.app/syntax-reference/time/time-zones-and-cities (2026-10-07 documentation extraction; syntax-reference/time/time-zones-and-cities; date/locale dependent)
Soulver	en	difference between PDT & AEST		https://documentation.soulver.app/syntax-reference/time/time-zones-and-cities (2026-10-07 documentation extraction; syntax-reference/time/time-zones-and-cities; date/locale dependent)
Soulver	en	5.5 minutes as timespan	5 min 30 s	https://documentation.soulver.app/syntax-reference/time/timespans-and-laptimes (2026-10-07 documentation extraction; syntax-reference/time/timespans-and-laptimes)
Soulver	en	4.54 hours as timespan	4 hours 32 minutes 24 seconds	https://documentation.soulver.app/syntax-reference/time/timespans-and-laptimes (2026-10-07 documentation extraction; syntax-reference/time/timespans-and-laptimes)
Soulver	en	72 days as timespan	10 weeks 2 days	https://documentation.soulver.app/syntax-reference/time/timespans-and-laptimes (2026-10-07 documentation extraction; syntax-reference/time/timespans-and-laptimes)
Soulver	en	3 hours 5 minutes 10 seconds	3 hours 5 minutes 10 seconds	https://documentation.soulver.app/syntax-reference/time/timespans-and-laptimes (2026-10-07 documentation extraction; syntax-reference/time/timespans-and-laptimes)
Soulver	en	3h 5m 10s	3 hours 5 minutes 10 seconds	https://documentation.soulver.app/syntax-reference/time/timespans-and-laptimes (2026-10-07 documentation extraction; syntax-reference/time/timespans-and-laptimes)
Soulver	en	3h 5m 10s in seconds	11,110 s	https://documentation.soulver.app/syntax-reference/time/timespans-and-laptimes (2026-10-07 documentation extraction; syntax-reference/time/timespans-and-laptimes)
Soulver	en	5.5 minutes as laptime	00:05:30	https://documentation.soulver.app/syntax-reference/time/timespans-and-laptimes (2026-10-07 documentation extraction; syntax-reference/time/timespans-and-laptimes)
Soulver	en	03:04:05 + 01:02:03	04:06:08	https://documentation.soulver.app/syntax-reference/time/timespans-and-laptimes (2026-10-07 documentation extraction; syntax-reference/time/timespans-and-laptimes)
Soulver	en	00:12:05 − 00:04:09	00:07:56	https://documentation.soulver.app/syntax-reference/time/timespans-and-laptimes (2026-10-07 documentation extraction; syntax-reference/time/timespans-and-laptimes)
Soulver	en	03:04:05 as timespan	3 hours 4 minutes 5 seconds	https://documentation.soulver.app/syntax-reference/time/timespans-and-laptimes (2026-10-07 documentation extraction; syntax-reference/time/timespans-and-laptimes)
Soulver	en	3 hours 4 minutes 5 seconds as laptime	03:04:05	https://documentation.soulver.app/syntax-reference/time/timespans-and-laptimes (2026-10-07 documentation extraction; syntax-reference/time/timespans-and-laptimes)
Soulver	en	12.5 minutes in minutes and seconds	12 min 30 s	https://documentation.soulver.app/syntax-reference/time/timespans-and-laptimes (2026-10-07 documentation extraction; syntax-reference/time/timespans-and-laptimes)
Soulver	en	1.4 weeks in hours and minutes	235 hours 12 min	https://documentation.soulver.app/syntax-reference/time/timespans-and-laptimes (2026-10-07 documentation extraction; syntax-reference/time/timespans-and-laptimes)
Soulver	en	4.5 weeks in days and hours	31 days 12 hours	https://documentation.soulver.app/syntax-reference/time/timespans-and-laptimes (2026-10-07 documentation extraction; syntax-reference/time/timespans-and-laptimes)
Soulver	en	03:10:20:05 at 30 fps + 50 frames	03:10:21:25	https://documentation.soulver.app/syntax-reference/time/video-timecode-and-frame-rates (2026-10-07 documentation extraction; syntax-reference/time/video-timecode-and-frame-rates)
Soulver	en	00:10:20:50 @ 60 fps + 10 minutes	00:20:20:50	https://documentation.soulver.app/syntax-reference/time/video-timecode-and-frame-rates (2026-10-07 documentation extraction; syntax-reference/time/video-timecode-and-frame-rates)
Soulver	en	3h 2m 25s 10 frames at 24 fps + 1 hour 12 minutes	04:14:25:10	https://documentation.soulver.app/syntax-reference/time/video-timecode-and-frame-rates (2026-10-07 documentation extraction; syntax-reference/time/video-timecode-and-frame-rates)
Soulver	en	00:30:10:00 @ 24 fps in frames	43,440 frames	https://documentation.soulver.app/syntax-reference/time/video-timecode-and-frame-rates (2026-10-07 documentation extraction; syntax-reference/time/video-timecode-and-frame-rates)
Soulver	en	43,440 frames @ 24 fps	00:30:10:00	https://documentation.soulver.app/syntax-reference/time/video-timecode-and-frame-rates (2026-10-07 documentation extraction; syntax-reference/time/video-timecode-and-frame-rates)
Soulver	en	03:10:20:05 @ 30 fps + 03:10:20:010	06:20:40:15	https://documentation.soulver.app/syntax-reference/time/video-timecode-and-frame-rates (2026-10-07 documentation extraction; syntax-reference/time/video-timecode-and-frame-rates)
Soulver	en	03:10:20:05 at 12 fps - 00:20:35:00	02:49:45:05	https://documentation.soulver.app/syntax-reference/time/video-timecode-and-frame-rates (2026-10-07 documentation extraction; syntax-reference/time/video-timecode-and-frame-rates)
Soulver	en	30 fps × 3 minutes	5,400 frames	https://documentation.soulver.app/syntax-reference/time/video-timecode-and-frame-rates (2026-10-07 documentation extraction; syntax-reference/time/video-timecode-and-frame-rates)
Soulver	en	15.6k frames / 24 fps	650 s	https://documentation.soulver.app/syntax-reference/time/video-timecode-and-frame-rates (2026-10-07 documentation extraction; syntax-reference/time/video-timecode-and-frame-rates)
Soulver	en	300g butter in cups	1.32 cup	https://documentation.soulver.app/syntax-reference/units-and-conversions/cooking-and-volume-calculations (2026-10-07 documentation extraction; syntax-reference/units-and-conversions/cooking-and-volume-calculations)
Soulver	en	10 cups olive oil in grams	2,160 g	https://documentation.soulver.app/syntax-reference/units-and-conversions/cooking-and-volume-calculations (2026-10-07 documentation extraction; syntax-reference/units-and-conversions/cooking-and-volume-calculations)
Soulver	en	100g nutella in tablespoons	5.37 tbsp	https://documentation.soulver.app/syntax-reference/units-and-conversions/cooking-and-volume-calculations (2026-10-07 documentation extraction; syntax-reference/units-and-conversions/cooking-and-volume-calculations)
Soulver	en	10 USD in EUR		https://documentation.soulver.app/syntax-reference/units-and-conversions/currencies (2026-10-07 documentation extraction; syntax-reference/units-and-conversions/currencies (live rate dependent); live rate dependent)
Soulver	en	20 GBP as AUD		https://documentation.soulver.app/syntax-reference/units-and-conversions/currencies (2026-10-07 documentation extraction; syntax-reference/units-and-conversions/currencies (live rate dependent); live rate dependent)
Soulver	en	1500 RUB to DKK		https://documentation.soulver.app/syntax-reference/units-and-conversions/currencies (2026-10-07 documentation extraction; syntax-reference/units-and-conversions/currencies (live rate dependent); live rate dependent)
Soulver	en	10 USD in EUR on March 20		https://documentation.soulver.app/syntax-reference/units-and-conversions/currencies (2026-10-07 documentation extraction; syntax-reference/units-and-conversions/currencies (date/random dependent) (live rate dependent); date/locale dependent)
Soulver	en	1 BTC in USD one year ago		https://documentation.soulver.app/syntax-reference/units-and-conversions/currencies (2026-10-07 documentation extraction; syntax-reference/units-and-conversions/currencies (date/random dependent) (live rate dependent); date/random dependent)
Soulver	en	50 EUR in USD at 1.05 USD/EUR	$52.50	https://documentation.soulver.app/syntax-reference/units-and-conversions/currencies (2026-10-07 documentation extraction; syntax-reference/units-and-conversions/currencies)
Soulver	en	50 EUR in RUB @ 80 RUB/EUR		https://documentation.soulver.app/syntax-reference/units-and-conversions/currencies (2026-10-07 documentation extraction; syntax-reference/units-and-conversions/currencies; live rate dependent)
Soulver	en	3 hours / day	3 hours/day	https://documentation.soulver.app/syntax-reference/units-and-conversions/rates (2026-10-07 documentation extraction; syntax-reference/units-and-conversions/rates)
Soulver	en	$99 per week	$99.00/week	https://documentation.soulver.app/syntax-reference/units-and-conversions/rates (2026-10-07 documentation extraction; syntax-reference/units-and-conversions/rates)
Soulver	en	30 bottles / week	30/week	https://documentation.soulver.app/syntax-reference/units-and-conversions/rates (2026-10-07 documentation extraction; syntax-reference/units-and-conversions/rates)
Soulver	en	30/week as / month	130/month	https://documentation.soulver.app/syntax-reference/units-and-conversions/rates (2026-10-07 documentation extraction; syntax-reference/units-and-conversions/rates)
Soulver	en	$20/day + $300/week	$440.00/week	https://documentation.soulver.app/syntax-reference/units-and-conversions/rates (2026-10-07 documentation extraction; syntax-reference/units-and-conversions/rates)
Soulver	en	€30/day in €/month	€913.11/month	https://documentation.soulver.app/syntax-reference/units-and-conversions/rates (2026-10-07 documentation extraction; syntax-reference/units-and-conversions/rates)
Soulver	en	90 km / 3 day	30 km/day	https://documentation.soulver.app/syntax-reference/units-and-conversions/rates (2026-10-07 documentation extraction; syntax-reference/units-and-conversions/rates)
Soulver	en	$50/week × 12 weeks	$600.00	https://documentation.soulver.app/syntax-reference/units-and-conversions/rates (2026-10-07 documentation extraction; syntax-reference/units-and-conversions/rates)
Soulver	en	$24 a day for a year	$8,765.82	https://documentation.soulver.app/syntax-reference/units-and-conversions/rates (2026-10-07 documentation extraction; syntax-reference/units-and-conversions/rates)
Soulver	en	500/day to / year	182,621.25/year	https://documentation.soulver.app/syntax-reference/units-and-conversions/rates (2026-10-07 documentation extraction; syntax-reference/units-and-conversions/rates)
Soulver	en	30 hours at $30/hour	$900.00	https://documentation.soulver.app/syntax-reference/units-and-conversions/rates (2026-10-07 documentation extraction; syntax-reference/units-and-conversions/rates)
Soulver	en	$500 at $20/hour	25 hours	https://documentation.soulver.app/syntax-reference/units-and-conversions/rates (2026-10-07 documentation extraction; syntax-reference/units-and-conversions/rates)
Soulver	en	10 km in m	10,000 m	https://documentation.soulver.app/syntax-reference/units-and-conversions/units (2026-10-07 documentation extraction; syntax-reference/units-and-conversions/units)
Soulver	en	5 hours 30 minutes to seconds	19,800 seconds	https://documentation.soulver.app/syntax-reference/units-and-conversions/units (2026-10-07 documentation extraction; syntax-reference/units-and-conversions/units)
Soulver	en	100 pounds in kg	45.36 kg	https://documentation.soulver.app/syntax-reference/units-and-conversions/units (2026-10-07 documentation extraction; syntax-reference/units-and-conversions/units)
Soulver	en	meters in 10 km	10,000 m	https://documentation.soulver.app/syntax-reference/units-and-conversions/units (2026-10-07 documentation extraction; syntax-reference/units-and-conversions/units)
Soulver	en	days in 3 weeks	21 days	https://documentation.soulver.app/syntax-reference/units-and-conversions/units (2026-10-07 documentation extraction; syntax-reference/units-and-conversions/units)
Soulver	en	seconds in a day	86,400 s	https://documentation.soulver.app/syntax-reference/units-and-conversions/units (2026-10-07 documentation extraction; syntax-reference/units-and-conversions/units)
Soulver	en	300 + 20 km	320 km	https://documentation.soulver.app/syntax-reference/units-and-conversions/units (2026-10-07 documentation extraction; syntax-reference/units-and-conversions/units)
Soulver	en	$20 + 30	$50.00	https://documentation.soulver.app/syntax-reference/units-and-conversions/units (2026-10-07 documentation extraction; syntax-reference/units-and-conversions/units)
Soulver	en	1km + 1,000m	2 km	https://documentation.soulver.app/syntax-reference/units-and-conversions/units (2026-10-07 documentation extraction; syntax-reference/units-and-conversions/units)
Soulver	en	$200 + €200		https://documentation.soulver.app/syntax-reference/units-and-conversions/units (2026-10-07 documentation extraction; syntax-reference/units-and-conversions/units (live rate dependent); live rate dependent)
Soulver	en	10m × 10m	100 m²	https://documentation.soulver.app/syntax-reference/units-and-conversions/units (2026-10-07 documentation extraction; syntax-reference/units-and-conversions/units)
Soulver	en	$30 × 4 days	$120.00	https://documentation.soulver.app/syntax-reference/units-and-conversions/units (2026-10-07 documentation extraction; syntax-reference/units-and-conversions/units)
Numi	en	20 inches in cm	50.8 cm	https://github.com/nikolaeu/numi/wiki (2026-10-07 hand-curated seed; not verified as verbatim on current page; units)
Numi	en	20 $ in €		https://github.com/nikolaeu/numi/wiki (2026-10-07 hand-curated seed; not verified as verbatim on current page; currency symbols both sides; live rate dependent)
Numi	en	5 + 20% of 4	5.8	https://github.com/nikolaeu/numi/wiki (2026-10-07 hand-curated seed; not verified as verbatim on current page; percentages)
Numi	en	6 - 50%	3	https://github.com/nikolaeu/numi/wiki (2026-10-07 hand-curated seed; not verified as verbatim on current page; percentages)
Numi	en	20% of 50	10	https://github.com/nikolaeu/numi/wiki (2026-10-07 hand-curated seed; not verified as verbatim on current page; percentages)
Numi	en	20 as a % of 50	40%	https://github.com/nikolaeu/numi/wiki (2026-10-07 hand-curated seed; not verified as verbatim on current page; percentages)
Numi	en	1 hour 25 minutes + 10 min	1 hour 35 min	https://github.com/nikolaeu/numi/wiki (2026-10-07 hand-curated seed; not verified as verbatim on current page; durations)
Numi	en	two plus two	4	https://github.com/nikolaeu/numi/wiki (2026-10-07 hand-curated seed; not verified as verbatim on current page; word numbers and operators)
Numi	en	2 plus 3 minus 1	4	https://github.com/nikolaeu/numi/wiki (2026-10-07 hand-curated seed; not verified as verbatim on current page; word operators)
Numi	en	2 times 4	8	https://github.com/nikolaeu/numi/wiki (2026-10-07 hand-curated seed; not verified as verbatim on current page; word operators)
Numi	en	10 divided by 2	5	https://github.com/nikolaeu/numi/wiki (2026-10-07 hand-curated seed; not verified as verbatim on current page; word operators)
Numi	en	3 to the power of 2	9	https://github.com/nikolaeu/numi/wiki (2026-10-07 hand-curated seed; not verified as verbatim on current page; word operators)
Numi	en	0b1011 in dec	11	https://github.com/nikolaeu/numi/wiki (2026-10-07 hand-curated seed; not verified as verbatim on current page; bases)
Numi	en	255 in hex	0xFF	https://github.com/nikolaeu/numi/wiki (2026-10-07 hand-curated seed; not verified as verbatim on current page; bases)
Numi	en	0xff to bin	0b11111111	https://github.com/nikolaeu/numi/wiki (2026-10-07 hand-curated seed; not verified as verbatim on current page; bases)
Numi	en	5 and 3	1	https://github.com/nikolaeu/numi/wiki (2026-10-07 hand-curated seed; not verified as verbatim on current page; bitwise and)
Numi	en	5 or 3	7	https://github.com/nikolaeu/numi/wiki (2026-10-07 hand-curated seed; not verified as verbatim on current page; bitwise or)
Numi	en	5 xor 3	6	https://github.com/nikolaeu/numi/wiki (2026-10-07 hand-curated seed; not verified as verbatim on current page; bitwise xor)
Numi	en	1 << 3	8	https://github.com/nikolaeu/numi/wiki (2026-10-07 hand-curated seed; not verified as verbatim on current page; bit shift)
Numi	en	sqrt(16)	4	https://github.com/nikolaeu/numi/wiki (2026-10-07 hand-curated seed; not verified as verbatim on current page; functions)
Numi	en	10 miles in km	16.09 km	https://github.com/nikolaeu/numi/wiki (2026-10-07 hand-curated seed; not verified as verbatim on current page; units)
Numi	en	today + 2 weeks		https://github.com/nikolaeu/numi/wiki (2026-10-07 hand-curated seed; not verified as verbatim on current page; dates; date/random dependent)
Numi	en	25 °C in °F	77 °F	https://github.com/nikolaeu/numi/wiki (2026-10-07 hand-curated seed; not verified as verbatim on current page; temperature)
Calca	en	42 mph in kmph	67.59 kmph	https://calca.io/reference (2026-10-07 hand-curated seed; not verified as verbatim on current page; units)
Calca	en	¥599 in $		https://calca.io/reference (2026-10-07 hand-curated seed; not verified as verbatim on current page; currency symbols; live rate dependent)
Calca	en	2 hours + 30 minutes	2.5 hours	https://calca.io/reference (2026-10-07 hand-curated seed; not verified as verbatim on current page; durations)
Calca	en	5 kg * 9.8 m/s^2	49 kg m/s^2	https://calca.io/reference (2026-10-07 hand-curated seed; not verified as verbatim on current page; unit algebra)
Calca	en	sin(pi/2)	1	https://calca.io/reference (2026-10-07 hand-curated seed; not verified as verbatim on current page; constants)
Calca	en	1.5e3 + 1	1501	https://calca.io/reference (2026-10-07 hand-curated seed; not verified as verbatim on current page; exponent notation)
Calca	en	0b1010 + 0xA	20	https://calca.io/reference (2026-10-07 hand-curated seed; not verified as verbatim on current page; bases)
Calca	en	5!	120	https://calca.io/reference (2026-10-07 hand-curated seed; not verified as verbatim on current page; factorial)
Raycast	en	3 cups in ml	709.76 ml	https://manual.raycast.com/calculator (2026-10-07 hand-curated seed; not verified as verbatim on current page; units)
Raycast	en	100 usd to eur		https://manual.raycast.com/calculator (2026-10-07 hand-curated seed; not verified as verbatim on current page; currency; live rate dependent)
Raycast	en	15% of 240	36	https://manual.raycast.com/calculator (2026-10-07 hand-curated seed; not verified as verbatim on current page; percentages)
Raycast	en	10 days ago		https://manual.raycast.com/calculator (2026-10-07 hand-curated seed; not verified as verbatim on current page; relative dates; date/random dependent)
Raycast	en	time in Tokyo		https://manual.raycast.com/calculator (2026-10-07 hand-curated seed; not verified as verbatim on current page; world clock; date/locale dependent)
Raycast	en	1.5 hours in minutes	90 min	https://manual.raycast.com/calculator (2026-10-07 hand-curated seed; not verified as verbatim on current page; durations)
Raycast	en	2^8	256	https://manual.raycast.com/calculator (2026-10-07 hand-curated seed; not verified as verbatim on current page; power)
Wolfram|Alpha	en	125 + 375	500	https://www.wolframalpha.com/examples/mathematics/elementary-math/arithmetic (2026-10-07 hand-curated seed; not verified as verbatim on current page; addition)
Wolfram|Alpha	en	1000 - 65	935	https://www.wolframalpha.com/examples/mathematics/elementary-math/arithmetic (2026-10-07 hand-curated seed; not verified as verbatim on current page; subtraction)
Wolfram|Alpha	en	7 * 12	84	https://www.wolframalpha.com/examples/mathematics/elementary-math/arithmetic (2026-10-07 hand-curated seed; not verified as verbatim on current page; multiplication)
Wolfram|Alpha	en	78 / 6	13	https://www.wolframalpha.com/examples/mathematics/elementary-math/arithmetic (2026-10-07 hand-curated seed; not verified as verbatim on current page; division)
Wolfram|Alpha	en	125 + 375 - 65 * 2	370	https://www.wolframalpha.com/examples/mathematics/elementary-math/arithmetic (2026-10-07 hand-curated seed; not verified as verbatim on current page; mixed)
Wolfram|Alpha	en	2^10	1024	https://www.wolframalpha.com/examples/mathematics/elementary-math/arithmetic (2026-10-07 hand-curated seed; not verified as verbatim on current page; power)
Wolfram|Alpha	en	sqrt(144)	12	https://www.wolframalpha.com/examples/mathematics/elementary-math/arithmetic (2026-10-07 hand-curated seed; not verified as verbatim on current page; square root)
Wolfram|Alpha	en	cube root of 27	3	https://www.wolframalpha.com/examples/mathematics/elementary-math/arithmetic (2026-10-07 hand-curated seed; not verified as verbatim on current page; nth root)
Wolfram|Alpha	en	1/3 + 1/4	0.5833	https://www.wolframalpha.com/examples/mathematics/elementary-math/arithmetic (2026-10-07 hand-curated seed; not verified as verbatim on current page; fraction arithmetic)
Wolfram|Alpha	en	3/8 as a decimal	0.375	https://www.wolframalpha.com/examples/mathematics/elementary-math/arithmetic (2026-10-07 hand-curated seed; not verified as verbatim on current page; fraction display)
Wolfram|Alpha	en	0.75 as a fraction	3/4	https://www.wolframalpha.com/examples/mathematics/elementary-math/arithmetic (2026-10-07 hand-curated seed; not verified as verbatim on current page; fraction display)
Wolfram|Alpha	en	15% of 150	22.5	https://www.wolframalpha.com/examples/mathematics/elementary-math/arithmetic (2026-10-07 hand-curated seed; not verified as verbatim on current page; percent)
Wolfram|Alpha	en	what is 28% of 40	11.2	https://www.wolframalpha.com/examples/mathematics/elementary-math/arithmetic (2026-10-07 hand-curated seed; not verified as verbatim on current page; question phrasing)
Wolfram|Alpha	en	6 is what percent of 24	25%	https://www.wolframalpha.com/examples/mathematics/elementary-math/arithmetic (2026-10-07 hand-curated seed; not verified as verbatim on current page; percent question)
Wolfram|Alpha	en	twelve thousand three hundred forty five	12345	https://www.wolframalpha.com/examples/mathematics/elementary-math/arithmetic (2026-10-07 hand-curated seed; not verified as verbatim on current page; spelled numbers)
Wolfram|Alpha	en	5 factorial	120	https://www.wolframalpha.com/examples/mathematics/elementary-math/arithmetic (2026-10-07 hand-curated seed; not verified as verbatim on current page; word factorial)
Wolfram|Alpha	en	gcd(36, 48)	12	https://www.wolframalpha.com/examples/mathematics/elementary-math/arithmetic (2026-10-07 hand-curated seed; not verified as verbatim on current page; number theory)
Wolfram|Alpha	en	lcm(4, 6)	12	https://www.wolframalpha.com/examples/mathematics/elementary-math/arithmetic (2026-10-07 hand-curated seed; not verified as verbatim on current page; number theory)
Wolfram|Alpha	en	round 2.65 to the nearest tenth	2.7	https://www.wolframalpha.com/examples/mathematics/elementary-math/arithmetic (2026-10-07 hand-curated seed; not verified as verbatim on current page; rounding phrase)
Wolfram|Alpha	en	average of 3, 8, 13	8	https://www.wolframalpha.com/examples/mathematics/elementary-math/arithmetic (2026-10-07 hand-curated seed; not verified as verbatim on current page; statistics phrase)
Google	en	what is 15% of 60	9	https://support.google.com/websearch/answer/3284611?hl=en (2026-10-07 hand-curated seed; not verified as verbatim on current page; question phrasing)
Google	en	12 squared	144	https://support.google.com/websearch/answer/3284611?hl=en (2026-10-07 hand-curated seed; not verified as verbatim on current page; word power)
Google	en	5 feet 9 inches in cm	175.26 cm	https://support.google.com/websearch/answer/3284611?hl=en (2026-10-07 hand-curated seed; not verified as verbatim on current page; compound units)
Google	en	100 fahrenheit to celsius	37.78 °C	https://support.google.com/websearch/answer/3284611?hl=en (2026-10-07 hand-curated seed; not verified as verbatim on current page; temperature)
Google	en	1 light year in miles		https://support.google.com/websearch/answer/3284611?hl=en (2026-10-07 hand-curated seed; not verified as verbatim on current page; units)
Google	en	sqrt 16	4	https://support.google.com/websearch/answer/3284611?hl=en (2026-10-07 hand-curated seed; not verified as verbatim on current page; function without parentheses)
Google	en	3 to the power of 4	81	https://support.google.com/websearch/answer/3284611?hl=en (2026-10-07 hand-curated seed; not verified as verbatim on current page; word power)
Google	en	ten percent of fifty	5	https://support.google.com/websearch/answer/3284611?hl=en (2026-10-07 hand-curated seed; not verified as verbatim on current page; spelled percent)
Google	en	a dozen times three	36	https://support.google.com/websearch/answer/3284611?hl=en (2026-10-07 hand-curated seed; not verified as verbatim on current page; collective number word)
Apple Math Notes	en	10 km to miles =	6.21 miles	https://support.apple.com/guide/ipad/solve-math-with-math-notes-ipadeb38d0f8/ipados (2026-10-07 hand-curated seed; not verified as verbatim on current page; trailing equals triggers evaluation)
Apple Math Notes	en	3 x 4 =	12	https://support.apple.com/guide/ipad/solve-math-with-math-notes-ipadeb38d0f8/ipados (2026-10-07 hand-curated seed; not verified as verbatim on current page; trailing equals)
Apple Math Notes	en	45 + 15% =	51.75	https://support.apple.com/guide/ipad/solve-math-with-math-notes-ipadeb38d0f8/ipados (2026-10-07 hand-curated seed; not verified as verbatim on current page; percent on trailing equals)
Apple Math Notes	en	1 cup in tablespoons =	16 tbsp	https://support.apple.com/guide/ipad/solve-math-with-math-notes-ipadeb38d0f8/ipados (2026-10-07 hand-curated seed; not verified as verbatim on current page; cooking units)
Apple Math Notes	en	(14 + 2) ÷ 4 =	4	https://support.apple.com/guide/ipad/solve-math-with-math-notes-ipadeb38d0f8/ipados (2026-10-07 hand-curated seed; not verified as verbatim on current page; unicode divide)
Frink	en	10 feet 3 inches -> cm	312.42 cm	https://frinklang.org/frinkdocs.html (2026-10-07 hand-curated seed; not verified as verbatim on current page; compound units)
Frink	en	3 lightyears -> miles		https://frinklang.org/frinkdocs.html (2026-10-07 hand-curated seed; not verified as verbatim on current page; units)
Frink	en	2 kilowatts * 3 hours -> kWh	6 kWh	https://frinklang.org/frinkdocs.html (2026-10-07 hand-curated seed; not verified as verbatim on current page; unit algebra)
Frink	en	1 acre -> ft^2	43560 ft^2	https://frinklang.org/frinkdocs.html (2026-10-07 hand-curated seed; not verified as verbatim on current page; units)
Frink	en	# 2021-03-04 # - # 2020-01-01 #		https://frinklang.org/frinkdocs.html (2026-10-07 hand-curated seed; not verified as verbatim on current page; date subtraction syntax)
